model,precision,recall,f1,roc_auc
LogReg,0.43333333333333335,0.48148148148148145,0.45614035087719296,0.6729900632339656
RandomForest,1.0,0.07407407407407407,0.13793103448275862,0.6065943992773261
GradBoost,0.7142857142857143,0.18518518518518517,0.29411764705882354,0.6653116531165311
